delete from match;
DELETE from sport;
DELETE from physical_condition;
DELETE FROM users;

ALTER SEQUENCE physical_condition_id_seq RESTART;
INSERT INTO physical_condition (shape) VALUES
('jamais'), ('assez souvent (1 à 5 fois par mois)'),
('souvent (6 à 10 fois par mois)'),
('très souvent (4 ou 5 fois par semaine)'), 
('tous les jours');

INSERT INTO users (email,firstname,lastname,age,city,picture,pwd_hash,shape_id) VALUES
  ('test@test.dom', 'test', 'test', 20, 44109, 'img/profil.svg', '$2y$10$IOfwEyrZYTCoBOhX1O8hPuAAtBhikQg94vboI1gKzMSVQdOjGwBNO',2),
  ('dictum.proin@google.org','Hop','Bonner',44,44109,'img/profil.svg','$2y$10$IOfwEyrZYTCoBOhX1O8hPuAAtBhikQg94vboI1gKzMSVQdOjGwBNO',2),
  ('vivamus.molestie@yahoo.org','John','Heath',38,44109,'img/profil.svg','$2y$10$IOfwEyrZYTCoBOhX1O8hPuAAtBhikQg94vboI1gKzMSVQdOjGwBNO',2),
  ('feugiat.metus.sit@aol.com','Myles','Montoya',48,44109,'img/profil.svg','$2y$10$IOfwEyrZYTCoBOhX1O8hPuAAtBhikQg94vboI1gKzMSVQdOjGwBNO',2),
  ('nisi.sem@aol.couk','Zane','Sherman',14,44109,'img/profil.svg','$2y$10$IOfwEyrZYTCoBOhX1O8hPuAAtBhikQg94vboI1gKzMSVQdOjGwBNO',2),
  ('orci.donec@icloud.com','Virginia','Harper',22,44109,'img/profil.svg','$2y$10$IOfwEyrZYTCoBOhX1O8hPuAAtBhikQg94vboI1gKzMSVQdOjGwBNO',2),
  ('diam@protonmail.org','Leilani','Matthews',50,44109,'img/profil.svg','$2y$10$IOfwEyrZYTCoBOhX1O8hPuAAtBhikQg94vboI1gKzMSVQdOjGwBNO',2),
  ('cursus.nunc.mauris@outlook.couk','Alyssa','Sellers',31,44109,'img/profil.svg','$2y$10$IOfwEyrZYTCoBOhX1O8hPuAAtBhikQg94vboI1gKzMSVQdOjGwBNO',2),
  ('mauris.magna@outlook.org','Adrian','Lowery',13,44109,'img/profil.svg','$2y$10$IOfwEyrZYTCoBOhX1O8hPuAAtBhikQg94vboI1gKzMSVQdOjGwBNO',2),
  ('aliquam.tincidunt@icloud.edu','Valentine','Casey',38,44109,'img/profil.svg','$2y$10$IOfwEyrZYTCoBOhX1O8hPuAAtBhikQg94vboI1gKzMSVQdOjGwBNO',2),
  ('dui.suspendisse@icloud.edu','Hammett','Mejia',42,44109,'img/profil.svg','$2y$10$IOfwEyrZYTCoBOhX1O8hPuAAtBhikQg94vboI1gKzMSVQdOjGwBNO',2),
  ('sed.eu.nibh@aol.org','Aaron','Montgomery',33,44109,'img/profil.svg','$2y$10$IOfwEyrZYTCoBOhX1O8hPuAAtBhikQg94vboI1gKzMSVQdOjGwBNO',2),
  ('mollis@hotmail.edu','Iona','Kelly',36,44109,'img/profil.svg','$2y$10$IOfwEyrZYTCoBOhX1O8hPuAAtBhikQg94vboI1gKzMSVQdOjGwBNO',2),
  ('porttitor.eros@aol.edu','Lyle','Dillon',44,44109,'img/profil.svg','$2y$10$IOfwEyrZYTCoBOhX1O8hPuAAtBhikQg94vboI1gKzMSVQdOjGwBNO',2),
  ('suspendisse@google.edu','Vera','Conley',19,44109,'img/profil.svg','$2y$10$IOfwEyrZYTCoBOhX1O8hPuAAtBhikQg94vboI1gKzMSVQdOjGwBNO',2),
  ('orci@outlook.couk','Clementine','Jarvis',31,44109,'img/profil.svg','$2y$10$IOfwEyrZYTCoBOhX1O8hPuAAtBhikQg94vboI1gKzMSVQdOjGwBNO',2),
  ('mattis.cras@yahoo.org','Sylvester','Turner',50,44109,'img/profil.svg','$2y$10$IOfwEyrZYTCoBOhX1O8hPuAAtBhikQg94vboI1gKzMSVQdOjGwBNO',2),
  ('orci@yahoo.ca','Hanae','Hines',21,44109,'img/profil.svg','$2y$10$IOfwEyrZYTCoBOhX1O8hPuAAtBhikQg94vboI1gKzMSVQdOjGwBNO',2),
  ('phasellus@outlook.ca','Bruno','Shannon',15,44109,'img/profil.svg','$2y$10$IOfwEyrZYTCoBOhX1O8hPuAAtBhikQg94vboI1gKzMSVQdOjGwBNO',2),
  ('augue.malesuada@google.org','Virginia','Thornton',30,44109,'img/profil.svg','$2y$10$IOfwEyrZYTCoBOhX1O8hPuAAtBhikQg94vboI1gKzMSVQdOjGwBNO',2),
  ('lobortis@outlook.edu','Nadine','Doyle',36,44109,'img/profil.svg','$2y$10$IOfwEyrZYTCoBOhX1O8hPuAAtBhikQg94vboI1gKzMSVQdOjGwBNO',2),
  ('vitae@outlook.couk','Joan','Mcknight',49,44109,'img/profil.svg','$2y$10$IOfwEyrZYTCoBOhX1O8hPuAAtBhikQg94vboI1gKzMSVQdOjGwBNO',2),
  ('amet.diam@icloud.ca','Fuller','Frank',50,44109,'img/profil.svg','$2y$10$IOfwEyrZYTCoBOhX1O8hPuAAtBhikQg94vboI1gKzMSVQdOjGwBNO',2),
  ('ridiculus.mus@aol.edu','Malcolm','Wagner',48,44109,'img/profil.svg','$2y$10$IOfwEyrZYTCoBOhX1O8hPuAAtBhikQg94vboI1gKzMSVQdOjGwBNO',2),
  ('curae.phasellus.ornare@yahoo.couk','Rafael','Mcmillan',40,44109,'img/profil.svg','$2y$10$IOfwEyrZYTCoBOhX1O8hPuAAtBhikQg94vboI1gKzMSVQdOjGwBNO',2),
  ('adipiscing.lobortis@yahoo.com','Kellie','Price',15,44109,'img/profil.svg','$2y$10$IOfwEyrZYTCoBOhX1O8hPuAAtBhikQg94vboI1gKzMSVQdOjGwBNO',2),
  ('integer.in@yahoo.com','McKenzie','Meadows',19,44109,'img/profil.svg','$2y$10$IOfwEyrZYTCoBOhX1O8hPuAAtBhikQg94vboI1gKzMSVQdOjGwBNO',2),
  ('adipiscing.elit@google.net','Griffin','Cotton',16,44109,'img/profil.svg','$2y$10$IOfwEyrZYTCoBOhX1O8hPuAAtBhikQg94vboI1gKzMSVQdOjGwBNO',2),
  ('ipsum.donec@aol.com','Mohammad','Stevenson',33,44109,'img/profil.svg','$2y$10$IOfwEyrZYTCoBOhX1O8hPuAAtBhikQg94vboI1gKzMSVQdOjGwBNO',2),
  ('congue@hotmail.ca','Cyrus','Dillon',39,44109,'img/profil.svg','$2y$10$IOfwEyrZYTCoBOhX1O8hPuAAtBhikQg94vboI1gKzMSVQdOjGwBNO',2),
  ('tellus.id@google.org','Ivan','Trevino',27,44109,'img/profil.svg','$2y$10$IOfwEyrZYTCoBOhX1O8hPuAAtBhikQg94vboI1gKzMSVQdOjGwBNO',2),
  ('ut.nec@hotmail.couk','Judah','Robinson',23,44109,'img/profil.svg','$2y$10$IOfwEyrZYTCoBOhX1O8hPuAAtBhikQg94vboI1gKzMSVQdOjGwBNO',2),
  ('scelerisque.sed.sapien@google.org','Kirestin','Baird',18,44109,'img/profil.svg','$2y$10$IOfwEyrZYTCoBOhX1O8hPuAAtBhikQg94vboI1gKzMSVQdOjGwBNO',2),
  ('magna.praesent@protonmail.couk','Garrison','Sims',27,44109,'img/profil.svg','$2y$10$IOfwEyrZYTCoBOhX1O8hPuAAtBhikQg94vboI1gKzMSVQdOjGwBNO',2),
  ('ut@google.com','Tad','Deleon',25,44109,'img/profil.svg','$2y$10$IOfwEyrZYTCoBOhX1O8hPuAAtBhikQg94vboI1gKzMSVQdOjGwBNO',2),
  ('dolor.tempus@outlook.com','Gage','Munoz',31,44109,'img/profil.svg','$2y$10$IOfwEyrZYTCoBOhX1O8hPuAAtBhikQg94vboI1gKzMSVQdOjGwBNO',2),
  ('ornare.libero@aol.ca','Kermit','Wheeler',30,44109,'img/profil.svg','$2y$10$IOfwEyrZYTCoBOhX1O8hPuAAtBhikQg94vboI1gKzMSVQdOjGwBNO',2),
  ('iaculis@protonmail.com','Doris','Young',13,44109,'img/profil.svg','$2y$10$IOfwEyrZYTCoBOhX1O8hPuAAtBhikQg94vboI1gKzMSVQdOjGwBNO',2),
  ('ac.mi.eleifend@aol.couk','Odette','Rocha',32,44109,'img/profil.svg','$2y$10$IOfwEyrZYTCoBOhX1O8hPuAAtBhikQg94vboI1gKzMSVQdOjGwBNO',2),
  ('eu.ligula@icloud.net','Kaseem','Workman',27,44109,'img/profil.svg','$2y$10$IOfwEyrZYTCoBOhX1O8hPuAAtBhikQg94vboI1gKzMSVQdOjGwBNO',2),
  ('nisi@aol.edu','Maryam','Clay',14,44109,'img/profil.svg','$2y$10$IOfwEyrZYTCoBOhX1O8hPuAAtBhikQg94vboI1gKzMSVQdOjGwBNO',2),
  ('cum.sociis.natoque@aol.net','Aidan','Mcknight',39,44109,'img/profil.svg','$2y$10$IOfwEyrZYTCoBOhX1O8hPuAAtBhikQg94vboI1gKzMSVQdOjGwBNO',2),
  ('convallis.est.vitae@hotmail.edu','Keefe','Mcneil',41,44109,'img/profil.svg','$2y$10$IOfwEyrZYTCoBOhX1O8hPuAAtBhikQg94vboI1gKzMSVQdOjGwBNO',2),
  ('erat.vivamus.nisi@icloud.net','Yuli','Duke',50,44109,'img/profil.svg','$2y$10$IOfwEyrZYTCoBOhX1O8hPuAAtBhikQg94vboI1gKzMSVQdOjGwBNO',2),
  ('curabitur.egestas.nunc@aol.edu','Brynne','Morton',28,44109,'img/profil.svg','$2y$10$IOfwEyrZYTCoBOhX1O8hPuAAtBhikQg94vboI1gKzMSVQdOjGwBNO',2),
  ('est@yahoo.net','Raja','Hunt',27,44109,'img/profil.svg','$2y$10$IOfwEyrZYTCoBOhX1O8hPuAAtBhikQg94vboI1gKzMSVQdOjGwBNO',2),
  ('sed@outlook.net','Barry','Stephenson',14,44109,'img/profil.svg','$2y$10$IOfwEyrZYTCoBOhX1O8hPuAAtBhikQg94vboI1gKzMSVQdOjGwBNO',2),
  ('velit.dui@icloud.couk','Charlotte','Suarez',38,44109,'img/profil.svg','$2y$10$IOfwEyrZYTCoBOhX1O8hPuAAtBhikQg94vboI1gKzMSVQdOjGwBNO',2),
  ('dui@protonmail.net','Lisandra','Serrano',38,44109,'img/profil.svg','$2y$10$IOfwEyrZYTCoBOhX1O8hPuAAtBhikQg94vboI1gKzMSVQdOjGwBNO',2),
  ('luctus.lobortis@hotmail.edu','Basil','Hicks',18,44109,'img/profil.svg','$2y$10$IOfwEyrZYTCoBOhX1O8hPuAAtBhikQg94vboI1gKzMSVQdOjGwBNO',2),
  ('vitae@aol.ca','Steven','Salas',42,44109,'img/profil.svg','$2y$10$IOfwEyrZYTCoBOhX1O8hPuAAtBhikQg94vboI1gKzMSVQdOjGwBNO',2);

ALTER SEQUENCE sport_id_seq RESTART;
INSERT INTO sport (sport_name) VALUES
('Rugby'), ('Natation'), ('Football'), ('Basketball'), ('Ultimate'), ('Cyclisme'), ('Badminton'), ('Volley');

ALTER SEQUENCE match_id_seq RESTART;
INSERT INTO match (city_address,city,min_player,max_player,date_event,duration,id_sport,organizer,best_player) VALUES
  ('5, rue André-Tardieu',44109,6,30,'2021-06-11 17:49:02','20:44:41',2,30,48),
  ('5, rue André-Tardieu',44109,6,30,'2021-08-05 19:27:59','18:47:03',3,41,12),
  ('5, rue André-Tardieu',44109,6,30,'2021-08-03 16:19:39','19:12:58',3,48,13),
  ('5, rue André-Tardieu',44109,6,30,'2021-07-18 07:16:24','15:53:44',4,30,28),
  ('5, rue André-Tardieu',44109,6,30,'2021-06-17 09:26:18','16:29:11',5,37,11),
  ('5, rue André-Tardieu',44109,6,30,'2021-06-26 17:06:49','20:57:34',7,32,5),
  ('5, rue André-Tardieu',44109,6,30,'2021-07-01 08:57:20','15:30:27',4,38,9),
  ('5, rue André-Tardieu',44109,6,30,'2021-08-27 17:03:17','16:41:16',5,22,24),
  ('5, rue André-Tardieu',44109,6,30,'2021-08-18 17:55:56','18:27:04',4,34,10),
  ('5, rue André-Tardieu',44109,6,30,'2021-08-07 07:07:04','15:53:07',4,13,22),
  ('5, rue André-Tardieu',44109,6,30,'2021-08-29 03:29:34','17:35:15',7,33,48),
  ('5, rue André-Tardieu',44109,6,30,'2021-05-08 11:03:14','15:43:58',6,42,13),
  ('5, rue André-Tardieu',44109,6,30,'2021-08-15 03:30:39','15:34:52',6,7,12),
  ('5, rue André-Tardieu',44109,6,30,'2021-06-28 07:12:41','21:06:32',3,27,31),
  ('5, rue André-Tardieu',44109,6,30,'2021-06-08 07:37:10','21:34:51',4,20,3),
  ('5, rue André-Tardieu',44109,6,30,'2021-06-19 04:57:01','20:33:40',6,49,40),
  ('5, rue André-Tardieu',44109,6,30,'2021-05-25 18:39:14','14:43:14',3,48,17),
  ('5, rue André-Tardieu',44109,6,30,'2021-08-21 13:06:23','17:49:13',2,4,2),
  ('5, rue André-Tardieu',44109,6,30,'2021-05-31 23:35:36','18:43:12',3,49,20),
  ('5, rue André-Tardieu',44109,6,30,'2021-06-16 22:02:33','21:40:16',3,17,46);

INSERT INTO list_player (id,states,player) VALUES
  (7,0,'mauris.magna@outlook.org'),
  (6,0,'diam@protonmail.org'),
  (7,0,'ridiculus.mus@aol.edu'),
  (7,0,'augue.malesuada@google.org'),
  (18,0,'adipiscing.lobortis@yahoo.com'),
  (17,0,'nisi.sem@aol.couk'),
  (9,0,'vivamus.molestie@yahoo.org'),
  (2,0,'ridiculus.mus@aol.edu'),
  (9,0,'ridiculus.mus@aol.edu'),
  (15,0,'phasellus@outlook.ca'),
  (14,0,'mollis@hotmail.edu'),
  (7,0,'amet.diam@icloud.ca'),
  (5,0,'sed.eu.nibh@aol.org'),
  (9,0,'diam@protonmail.org'),
  (2,0,'mauris.magna@outlook.org'),
  (15,0,'diam@protonmail.org'),
  (4,0,'integer.in@yahoo.com'),
  (11,0,'vitae@outlook.couk'),
  (9,0,'test@test.dom'),
  (11,0,'mattis.cras@yahoo.org'),
  (11,0,'amet.diam@icloud.ca'),
  (19,0,'sed.eu.nibh@aol.org'),
  (9,0,'porttitor.eros@aol.edu'),
  (9,0,'feugiat.metus.sit@aol.com'),
  (12,0,'aliquam.tincidunt@icloud.edu'),
  (5,0,'feugiat.metus.sit@aol.com'),
  (5,0,'ridiculus.mus@aol.edu'),
  (5,0,'mollis@hotmail.edu'),
  (2,0,'diam@protonmail.org'),
  (12,0,'ridiculus.mus@aol.edu'),
  (3,0,'mauris.magna@outlook.org'),
  (12,0,'augue.malesuada@google.org'),
  (2,0,'mauris.magna@outlook.org'),
  (18,0,'vivamus.molestie@yahoo.org'),
  (15,0,'amet.diam@icloud.ca'),
  (16,0,'ridiculus.mus@aol.edu'),
  (8,0,'lobortis@outlook.edu'),
  (12,0,'cursus.nunc.mauris@outlook.couk'),
  (12,0,'integer.in@yahoo.com'),
  (8,0,'lobortis@outlook.edu');
